,id,first_name,last_name
0,10859,Sam,LaPorta
1,11533,Brandon,Aubrey
2,1264,Justin,Tucker
3,1348,Dustin,Hopkins
4,1373,Geno,Smith
5,1426,DeAndre,Hopkins
6,1466,Travis,Kelce
7,1479,Keenan,Allen
8,1689,Adam,Thielen
9,2028,Derek,Carr
10,2133,Davante,Adams
11,2216,Mike,Evans
12,2251,Logan,Thomas
13,2309,Amari,Cooper
14,2374,Tyler,Lockett
15,2449,Stefon,Diggs
16,2747,Jason,Myers
17,2749,Raheem,Mostert
18,3198,Derrick,Henry
19,3225,Tyler,Boyd
20,3294,Dak,Prescott
21,3321,Tyreek,Hill
22,4018,Joe,Mixon
23,4033,David,Njoku
24,4034,Christian,McCaffrey
25,4035,Alvin,Kamara
26,4037,Chris,Godwin
27,4039,Cooper,Kupp
28,4046,Patrick,Mahomes
29,4066,Evan,Engram
30,4137,James,Conner
31,4195,Jake,Elliott
32,4199,Aaron,Jones
33,4217,George,Kittle
34,4227,Harrison,Butker
35,4663,Austin,Ekeler
36,4666,Younghoe,Koo
37,4866,Saquon,Barkley
38,4881,Lamar,Jackson
39,4950,Christian,Kirk
40,4981,Calvin,Ridley
41,4983,DJ,Moore
42,4984,Josh,Allen
43,5001,Dalton,Schultz
44,5012,Mark,Andrews
45,5022,Dallas,Goedert
46,5119,Jason,Sanders
47,5844,T.J.,Hockenson
48,5846,DK,Metcalf
49,5848,Marquise,Brown
50,5850,Josh,Jacobs
51,5859,A.J.,Brown
52,5872,Deebo,Samuel
53,5892,David,Montgomery
54,5927,Terry,McLaurin
55,5937,Diontae,Johnson
56,5947,Jakobi,Meyers
57,5967,Tony,Pollard
58,5987,Alexander,Mattison
59,6130,Devin,Singletary
60,6768,Tua,Tagovailoa
61,6783,Jerry,Jeudy
62,6786,CeeDee,Lamb
63,6790,D'Andre,Swift
64,6794,Justin,Jefferson
65,6797,Justin,Herbert
66,6803,Brandon,Aiyuk
67,6813,Jonathan,Taylor
68,6819,Michael,Pittman
69,6826,Cole,Kmet
70,6828,AJ,Dillon
71,6845,Zack,Moss
72,6904,Jalen,Hurts
73,7523,Trevor,Lawrence
74,7525,DeVonta,Smith
75,7526,Jaylen,Waddle
76,7528,Najee,Harris
77,7543,Travis,Etienne
78,7547,Amon-Ra,St. Brown
79,7564,Ja'Marr,Chase
80,7569,Nico,Collins
81,7588,Javonte,Williams
82,7611,Rhamondre,Stevenson
83,7839,Evan,McPherson
84,8110,Jake,Ferguson
85,8112,Drake,London
86,8121,Romeo,Doubs
87,8130,Trey,McBride
88,8136,Rachaad,White
89,8138,James,Cook
90,8143,Jerome,Ford
91,8144,Chris,Olave
92,8146,Garrett,Wilson
93,8150,Kyren,Williams
94,8151,Kenneth,Walker
95,8154,Brian,Robinson
96,8155,Breece,Hall
97,8162,Sam,Howell
98,8167,Christian,Watson
99,8205,Isiah,Pacheco
100,8228,Jaylen,Warren
101,8259,Cameron,Dicker
102,9221,Jahmyr,Gibbs
103,9226,De'Von,Achane
104,9493,Puka,Nacua
105,9502,Tank,Dell
106,9509,Bijan,Robinson
107,9511,Keaton,Mitchell
108,9753,Zach,Charbonnet
109,9756,Jordan,Addison
110,9758,C.J.,Stroud
111,9997,Zay,Flowers
